Title,URL handle,Description,Vendor,Type,Tags,Published on online store,Status,SKU,Option1 name,Option1 value,Price,Compare-at price,Charge tax,Inventory tracker,Inventory quantity,Continue selling when out of stock,Weight value (grams),Requires shipping,Fulfillment service,Product image URL,Image position,Image alt text,SEO title,SEO description,Subtitle (product.metafields.descriptors.subtitle),Key ingredients (product.metafields.custom.key_ingredients),Results (product.metafields.custom.results),Free from (product.metafields.custom.free_from),How to use (product.metafields.custom.how_to_use),Ingredients (product.metafields.custom.ingredients)
Second Skin Tint,second-skin-tint,"<p>A skin tint that looks like skin. Builds from a sheer wash to medium coverage, blurs without settling into lines and gives mineral SPF 20 protection. Six shades with warm, neutral and cool undertones.</p>",Pigment Cosmetics,Complexion,"bestseller, new, vegan, area:face",true,active,PG-SECOND-SKIN-TINT-1-PORCELAIN,Shade,1 Porcelain,38.00,,true,shopify,6,deny,70,true,manual,https://chrispstreeter-max.github.io/dewline/demo/pigment/pigment-skin-tint.jpg,1,Second Skin Tint tube on a warm blush background,Second Skin Tint | Pigment,"Sheer, buildable tint with SPF 20. A skin tint that looks like skin. Builds from a sheer wash to medium coverage, blurs without settling into lines and...","Sheer, buildable tint with SPF 20","Zinc oxide 8% | Mineral SPF 20 protection
Squalane | Keeps skin dewy, never greasy
Niacinamide 2% | Evens tone over time","Instantly | 94% said it looked like their skin, only better
8 hours | 88% said it stayed comfortable all day","Fragrance, Parabens, Talc, Animal-derived ingredients","Shake well.
Dot onto cheeks, forehead and chin, then blend with fingertips or a brush.
Add a second layer where you want more coverage.","Active: Zinc Oxide 8%. Inactive: Aqua (Water), Caprylic/Capric Triglyceride, Squalane, Glycerin, Niacinamide, Polyglyceryl-4 Isostearate, Silica, Sodium Chloride, Tocopherol, Phenoxyethanol. May contain: Iron Oxides (CI 77491, CI 77492, CI 77499), Titanium Dioxide (CI 77891)."
,second-skin-tint,,,,,,,PG-SECOND-SKIN-TINT-2-FAIR,Shade,2 Fair,38.00,,true,shopify,36,deny,70,true,manual,https://chrispstreeter-max.github.io/dewline/demo/pigment/makeup-foundation-texture.jpg,2,Close-up of smooth Second Skin Tint texture,,,,,,,,
,second-skin-tint,,,,,,,PG-SECOND-SKIN-TINT-3-LIGHT,Shade,3 Light,38.00,,true,shopify,36,deny,70,true,manual,,,,,,,,,,,
,second-skin-tint,,,,,,,PG-SECOND-SKIN-TINT-4-MEDIUM,Shade,4 Medium,38.00,,true,shopify,36,deny,70,true,manual,,,,,,,,,,,
,second-skin-tint,,,,,,,PG-SECOND-SKIN-TINT-5-TAN,Shade,5 Tan,38.00,,true,shopify,36,deny,70,true,manual,,,,,,,,,,,
,second-skin-tint,,,,,,,PG-SECOND-SKIN-TINT-6-DEEP,Shade,6 Deep,38.00,,true,shopify,0,deny,70,true,manual,,,,,,,,,,,
Velvet Lip Color,velvet-lip-color,"<p>A soft-matte lipstick with a blurred, velvet finish. Rich color in one swipe that feels weightless and stays comfortable for up to 12 hours.</p>",Pigment Cosmetics,Lips,"bestseller, vegan, area:lips",true,active,PG-VELVET-LIP-COLOR-CHERRY,Shade,Cherry,24.00,,true,shopify,36,deny,30,true,manual,https://chrispstreeter-max.github.io/dewline/demo/pigment/makeup-lipstick-red.jpg,1,"Velvet Lip Color in Cherry, a red bullet in a gold and red case",Velvet Lip Color | Pigment,"Blurred matte, 12-hour wear. A soft-matte lipstick with a blurred, velvet finish. Rich color in one swipe that feels weightless and stays comfortable...","Blurred matte, 12-hour wear","Jojoba oil | Keeps lips comfortable
Vitamin E | Conditions as you wear","Instantly | 95% said color was rich in one swipe
12 hours | 86% said lips stayed comfortable","Fragrance, Parabens, Talc, Animal-derived ingredients","Apply from the center of the lips outward.
Blot and reapply for deeper color.","Ricinus Communis (Castor) Seed Oil, Caprylic/Capric Triglyceride, Euphorbia Cerifera (Candelilla) Wax, Simmondsia Chinensis (Jojoba) Seed Oil, Silica, Tocopherol. May contain: Red 7 Lake (CI 15850), Iron Oxides (CI 77491, CI 77492, CI 77499), Titanium Dioxide (CI 77891)."
,velvet-lip-color,,,,,,,PG-VELVET-LIP-COLOR-BERRY,Shade,Berry,24.00,,true,shopify,36,deny,30,true,manual,https://chrispstreeter-max.github.io/dewline/demo/pigment/makeup-lip-swatches-pink.jpg,2,Velvet Lip Color swatches from nude to red on pale pink,,,,,,,,
,velvet-lip-color,,,,,,,PG-VELVET-LIP-COLOR-BRICK,Shade,Brick,24.00,,true,shopify,3,deny,30,true,manual,,,,,,,,,,,
,velvet-lip-color,,,,,,,PG-VELVET-LIP-COLOR-ROSE,Shade,Rose,24.00,,true,shopify,36,deny,30,true,manual,,,,,,,,,,,
,velvet-lip-color,,,,,,,PG-VELVET-LIP-COLOR-NUDE,Shade,Nude,24.00,,true,shopify,36,deny,30,true,manual,,,,,,,,,,,
Cheek Flush Blush,cheek-flush-blush,"<p>A silky powder blush that diffuses into skin for a natural flush. Sheer in one sweep, buildable to bold.</p>",Pigment Cosmetics,Cheeks,"bestseller, vegan, area:cheeks",true,active,PG-CHEEK-FLUSH-BLUSH-CORAL,Shade,Coral,28.00,,true,shopify,36,deny,40,true,manual,https://chrispstreeter-max.github.io/dewline/demo/pigment/makeup-blush-brush-coral.jpg,1,Angled brush resting in crushed Cheek Flush Blush in Coral,Cheek Flush Blush | Pigment,"Buildable powder blush. A silky powder blush that diffuses into skin for a natural flush. Sheer in one sweep, buildable to bold.",Buildable powder blush,"Silky mica-free pigments | Blend without patches
Jojoba esters | Keep the powder soft",,"Fragrance, Parabens, Talc, Animal-derived ingredients","Tap a brush into the pan and blow off the excess.
Sweep onto the apples of the cheeks and blend up.","Silica, Boron Nitride, Zinc Stearate, Jojoba Esters, Caprylyl Glycol. May contain: Iron Oxides (CI 77491, CI 77492, CI 77499), Red 7 Lake (CI 15850)."
,cheek-flush-blush,,,,,,,PG-CHEEK-FLUSH-BLUSH-PETAL,Shade,Petal,28.00,,true,shopify,36,deny,40,true,manual,https://chrispstreeter-max.github.io/dewline/demo/pigment/makeup-swatches-red-peach-glow.jpg,2,"Swatches of red lip color, peach blush and highlighter",,,,,,,,
,cheek-flush-blush,,,,,,,PG-CHEEK-FLUSH-BLUSH-TERRACOTTA,Shade,Terracotta,28.00,,true,shopify,36,deny,40,true,manual,,,,,,,,,,,
,cheek-flush-blush,,,,,,,PG-CHEEK-FLUSH-BLUSH-BERRY,Shade,Berry,28.00,,true,shopify,36,deny,40,true,manual,,,,,,,,,,,
Glow Highlighter,glow-highlighter,<p>A pressed highlighter with a lit-from-within glow. Fine pearls catch the light without glitter or texture.</p>,Pigment Cosmetics,Cheeks,"vegan, area:cheeks",true,active,PG-GLOW-HIGHLIGHTER-CHAMPAGNE,Shade,Champagne,32.00,,true,shopify,36,deny,40,true,manual,https://chrispstreeter-max.github.io/dewline/demo/pigment/makeup-compact-highlighter.jpg,1,Open Glow Highlighter compact on a dusty pink surface,Glow Highlighter | Pigment,Wet-look pressed highlighter. A pressed highlighter with a lit-from-within glow. Fine pearls catch the light without glitter or texture.,Wet-look pressed highlighter,"Fine pearls | Reflect light without glitter
Squalane | Melts into skin",,"Fragrance, Parabens, Talc, Animal-derived ingredients","Sweep across cheekbones, brow bones and the bridge of the nose.","Synthetic Fluorphlogopite, Squalane, Silica, Zinc Stearate, Tocopherol. May contain: Titanium Dioxide (CI 77891), Iron Oxides (CI 77491, CI 77492)."
,glow-highlighter,,,,,,,PG-GLOW-HIGHLIGHTER-ROSE-GOLD,Shade,Rose gold,32.00,,true,shopify,36,deny,40,true,manual,,,,,,,,,,,
Bold Matte Lipstick,bold-matte-lipstick,<p>High-impact color with a flat matte finish that still feels soft. Glides on in one pass and does not feather.</p>,Pigment Cosmetics,Lips,"new, vegan, area:lips",true,active,PG-BOLD-MATTE-LIPSTICK-TANGERINE,Shade,Tangerine,26.00,,true,shopify,36,deny,30,true,manual,https://chrispstreeter-max.github.io/dewline/demo/pigment/makeup-lipstick-orange-smear.jpg,1,Bold Matte Lipstick in Tangerine with a bold orange smear,Bold Matte Lipstick | Pigment,"Full-color matte, never dry. High-impact color with a flat matte finish that still feels soft. Glides on in one pass and does not feather.","Full-color matte, never dry","Shea butter | Cushions lips
Vitamin E | Conditions as you wear",,"Fragrance, Parabens, Talc, Animal-derived ingredients","Line lips with the bullet edge, then fill in.","Isododecane, Caprylic/Capric Triglyceride, Euphorbia Cerifera (Candelilla) Wax, Butyrospermum Parkii (Shea) Butter, Silica, Tocopherol. May contain: Red 7 Lake (CI 15850), Yellow 6 Lake (CI 15985), Iron Oxides (CI 77491, CI 77499)."
,bold-matte-lipstick,,,,,,,PG-BOLD-MATTE-LIPSTICK-POPPY,Shade,Poppy,26.00,,true,shopify,36,deny,30,true,manual,,,,,,,,,,,
,bold-matte-lipstick,,,,,,,PG-BOLD-MATTE-LIPSTICK-PLUM,Shade,Plum,26.00,,true,shopify,36,deny,30,true,manual,,,,,,,,,,,
,bold-matte-lipstick,,,,,,,PG-BOLD-MATTE-LIPSTICK-MOCHA,Shade,Mocha,26.00,,true,shopify,36,deny,30,true,manual,,,,,,,,,,,
Soft Blur Concealer,soft-blur-concealer,<p>A creamy concealer that covers what you want and blurs the rest. Stays put for 12 hours without creasing under the eyes.</p>,Pigment Cosmetics,Complexion,"vegan, area:face",true,active,PG-SOFT-BLUR-CONCEALER-1-PORCELAIN,Shade,1 Porcelain,26.00,,true,shopify,36,deny,40,true,manual,https://chrispstreeter-max.github.io/dewline/demo/pigment/makeup-concealer-swatches-mint.jpg,1,Three swipes of Soft Blur Concealer on pale mint,Soft Blur Concealer | Pigment,"Creamy, crease-proof coverage. A creamy concealer that covers what you want and blurs the rest. Stays put for 12 hours without creasing under the eyes.","Creamy, crease-proof coverage","Hyaluronic acid | Keeps under-eyes smooth
Soft-focus powders | Blur without settling",,"Fragrance, Parabens, Talc, Animal-derived ingredients","Tap onto spots or under the eyes.
Blend the edges with a fingertip.","Aqua (Water), Dimethicone, Isododecane, Glycerin, Silica, Sodium Hyaluronate, Tocopherol, Phenoxyethanol. May contain: Iron Oxides (CI 77491, CI 77492, CI 77499), Titanium Dioxide (CI 77891)."
,soft-blur-concealer,,,,,,,PG-SOFT-BLUR-CONCEALER-2-FAIR,Shade,2 Fair,26.00,,true,shopify,36,deny,40,true,manual,,,,,,,,,,,
,soft-blur-concealer,,,,,,,PG-SOFT-BLUR-CONCEALER-3-LIGHT,Shade,3 Light,26.00,,true,shopify,36,deny,40,true,manual,,,,,,,,,,,
,soft-blur-concealer,,,,,,,PG-SOFT-BLUR-CONCEALER-4-MEDIUM,Shade,4 Medium,26.00,,true,shopify,36,deny,40,true,manual,,,,,,,,,,,
,soft-blur-concealer,,,,,,,PG-SOFT-BLUR-CONCEALER-5-TAN,Shade,5 Tan,26.00,,true,shopify,36,deny,40,true,manual,,,,,,,,,,,
,soft-blur-concealer,,,,,,,PG-SOFT-BLUR-CONCEALER-6-DEEP,Shade,6 Deep,26.00,,true,shopify,36,deny,40,true,manual,,,,,,,,,,,
Soft Focus Eye Quad,soft-focus-eye-quad,"<p>Four easy shades, one matte, one satin and two shimmers, designed to work together. Blends in seconds and wears all day without creasing.</p>",Pigment Cosmetics,Eyes,"new, vegan, area:eyes",true,active,PG-SOFT-FOCUS-EYE-QUAD-ROSE-QUARTZ,Palette,Rose quartz,36.00,,true,shopify,36,deny,50,true,manual,https://chrispstreeter-max.github.io/dewline/demo/pigment/makeup-eyeshadow-crushed.jpg,1,"Crushed pink, gold, taupe and plum shadows from the Soft Focus Eye Quad",Soft Focus Eye Quad | Pigment,"Four blendable eyeshadows. Four easy shades, one matte, one satin and two shimmers, designed to work together. Blends in seconds and wears all day...",Four blendable eyeshadows,"Soft-focus powders | Blend in seconds
Jojoba esters | Keep shades creamy",,"Fragrance, Parabens, Talc, Animal-derived ingredients","Sweep the matte shade into the crease.
Pat a shimmer on the lid with a fingertip.","Synthetic Fluorphlogopite, Silica, Zinc Stearate, Jojoba Esters, Caprylyl Glycol. May contain: Iron Oxides (CI 77491, CI 77492, CI 77499), Titanium Dioxide (CI 77891)."
,soft-focus-eye-quad,,,,,,,PG-SOFT-FOCUS-EYE-QUAD-BRONZE-HOUR,Palette,Bronze hour,36.00,,true,shopify,36,deny,50,true,manual,,,,,,,,,,,
Juicy Lip Tint,juicy-lip-tint,"<p>A sheer, cushiony tint with a glassy shine and a hint of color. Feels like a balm, looks like your lips but better.</p>",Pigment Cosmetics,Lips,"vegan, area:lips",true,active,PG-JUICY-LIP-TINT-ROSEWOOD,Shade,Rosewood,20.00,,true,shopify,36,deny,25,true,manual,https://chrispstreeter-max.github.io/dewline/demo/pigment/pigment-lip-tint.jpg,1,Juicy Lip Tint wand on a pale pink background,Juicy Lip Tint | Pigment,"Sheer tint with a glassy shine. A sheer, cushiony tint with a glassy shine and a hint of color. Feels like a balm, looks like your lips but better.",Sheer tint with a glassy shine,"Squalane | Cushions and softens
Hyaluronic acid | Keeps lips plump-looking",,"Fragrance, Parabens, Talc, Animal-derived ingredients","Swipe on bare lips or over lipstick.
Reapply as often as you like.","Polyisobutene, Squalane, Ricinus Communis (Castor) Seed Oil, Silica Dimethyl Silylate, Sodium Hyaluronate, Tocopherol. May contain: Red 7 Lake (CI 15850), Iron Oxides (CI 77491)."
,juicy-lip-tint,,,,,,,PG-JUICY-LIP-TINT-PEACH,Shade,Peach,20.00,,true,shopify,36,deny,25,true,manual,https://chrispstreeter-max.github.io/dewline/demo/pigment/makeup-lips-nude.jpg,2,Lips wearing Juicy Lip Tint in Rosewood,,,,,,,,
,juicy-lip-tint,,,,,,,PG-JUICY-LIP-TINT-BERRY,Shade,Berry,20.00,,true,shopify,36,deny,25,true,manual,,,,,,,,,,,
,juicy-lip-tint,,,,,,,PG-JUICY-LIP-TINT-CLEAR,Shade,Clear,20.00,,true,shopify,36,deny,25,true,manual,,,,,,,,,,,
Lift and Length Mascara,lift-length-mascara,"<p>A tubing mascara that wraps every lash for length and lift that lasts all day. No smudging, no flaking, and it slides off with warm water.</p>",Pigment Cosmetics,Eyes,"bestseller, vegan, area:eyes",true,active,PG-LIFT-LENGTH-MASCARA-BLACK,Shade,Black,26.00,,true,shopify,36,deny,30,true,manual,https://chrispstreeter-max.github.io/dewline/demo/pigment/pigment-mascara.jpg,1,Lift and Length Mascara on a pale pink-gray background,Lift and Length Mascara | Pigment,"Lengthening tubing mascara. A tubing mascara that wraps every lash for length and lift that lasts all day. No smudging, no flaking, and it slides off...",Lengthening tubing mascara,"Tubing polymers | Wrap lashes, wash off with warm water
Panthenol | Conditions lashes","Instantly | 92% said lashes looked longer
12 hours | 89% said it did not smudge","Fragrance, Parabens, Talc, Animal-derived ingredients","Wiggle the brush from root to tip.
Add a second coat while the first is still wet.
Remove with warm water.","Aqua (Water), Acrylates Copolymer, Glyceryl Stearate, Cera Alba Substitute (Synthetic Beeswax), Panthenol, Phenoxyethanol. May contain: Iron Oxides (CI 77499, CI 77491)."
,lift-length-mascara,,,,,,,PG-LIFT-LENGTH-MASCARA-BROWN-BLACK,Shade,Brown black,26.00,,true,shopify,36,deny,30,true,manual,,,,,,,,,,,
Featherweight Setting Powder,featherweight-setting-powder,<p>A finely milled loose powder that sets makeup without looking powdery. Controls shine for hours and stays invisible on every skin tone.</p>,Pigment Cosmetics,Complexion,"vegan, area:face",true,active,PG-FEATHERWEIGHT-SETTING-POWDER-TRANSLUCENT,Shade,Translucent,34.00,,true,shopify,36,deny,60,true,manual,https://chrispstreeter-max.github.io/dewline/demo/pigment/pigment-setting-powder.jpg,1,Featherweight Setting Powder compact on a soft beige background,Featherweight Setting Powder | Pigment,"Loose powder, invisible finish. A finely milled loose powder that sets makeup without looking powdery. Controls shine for hours and stays invisible on...","Loose powder, invisible finish","Rice powder | Softly mattifies
Silica | Blurs and controls shine",,"Fragrance, Parabens, Talc, Animal-derived ingredients","Tap a little powder onto a brush or puff.
Press over the T-zone and under the eyes.","Silica, Oryza Sativa (Rice) Starch, Zinc Stearate, Caprylyl Glycol. May contain: Iron Oxides (CI 77491, CI 77492, CI 77499)."
,featherweight-setting-powder,,,,,,,PG-FEATHERWEIGHT-SETTING-POWDER-DEEP-TRANSLUCENT,Shade,Deep translucent,34.00,,true,shopify,36,deny,60,true,manual,,,,,,,,,,,
Brow Set Gel,brow-set-gel,<p>A flexible brow gel that sets hairs in place all day without flaking or stiffness. Tinted shades add soft fullness.</p>,Pigment Cosmetics,Eyes,"vegan, area:eyes",true,active,PG-BROW-SET-GEL-CLEAR,Shade,Clear,22.00,,true,shopify,36,deny,25,true,manual,https://chrispstreeter-max.github.io/dewline/demo/pigment/pigment-brow-gel.jpg,1,Brow Set Gel wand on a pale beige background,Brow Set Gel | Pigment,"Tinted, flake-free hold. A flexible brow gel that sets hairs in place all day without flaking or stiffness. Tinted shades add soft fullness.","Tinted, flake-free hold","Flexible film formers | Hold without stiffness
Panthenol | Conditions brow hairs",,"Fragrance, Parabens, Talc, Animal-derived ingredients",Brush through brows in short upward strokes.,"Aqua (Water), Acrylates Copolymer, Glycerin, Panthenol, Hydroxyethylcellulose, Phenoxyethanol. May contain: Iron Oxides (CI 77491, CI 77492, CI 77499)."
,brow-set-gel,,,,,,,PG-BROW-SET-GEL-TAUPE,Shade,Taupe,22.00,,true,shopify,36,deny,25,true,manual,,,,,,,,,,,
,brow-set-gel,,,,,,,PG-BROW-SET-GEL-BRUNETTE,Shade,Brunette,22.00,,true,shopify,36,deny,25,true,manual,,,,,,,,,,,
,brow-set-gel,,,,,,,PG-BROW-SET-GEL-EBONY,Shade,Ebony,22.00,,true,shopify,36,deny,25,true,manual,,,,,,,,,,,
The Essential Brush Set,essential-brush-set,"<p>The five brushes you will actually use: powder, blush, concealer, crease and liner. Soft synthetic fibers that are easy to clean and built to last.</p>",Pigment Cosmetics,Tools,"vegan, area:tools",true,active,PG-ESSENTIAL-BRUSH-SET,Title,Default Title,68.00,84.00,true,shopify,36,deny,180,true,manual,https://chrispstreeter-max.github.io/dewline/demo/pigment/makeup-brushes-pink-maroon.jpg,1,The Essential Brush Set laid out on a pink and maroon background,The Essential Brush Set | Pigment,"Five vegan brushes. The five brushes you will actually use: powder, blush, concealer, crease and liner. Soft synthetic fibers that are easy to clean...",Five vegan brushes,,,Animal hair,"Wash weekly with mild soap and lukewarm water.
Reshape and dry flat.",
Fluffy Powder Brush,fluffy-powder-brush,"<p>A full, rounded brush for setting powder and bronzer. Picks up just enough product and diffuses it evenly.</p>",Pigment Cosmetics,Tools,"vegan, area:tools",true,active,PG-FLUFFY-POWDER-BRUSH,Title,Default Title,34.00,,true,shopify,36,deny,60,true,manual,https://chrispstreeter-max.github.io/dewline/demo/pigment/makeup-brush-powder.jpg,1,Fluffy Powder Brush with a wooden handle on white,Fluffy Powder Brush | Pigment,"Dense, soft synthetic fibers. A full, rounded brush for setting powder and bronzer. Picks up just enough product and diffuses it evenly.","Dense, soft synthetic fibers",,,Animal hair,"Tap into powder, then press and roll over skin.
Wash weekly.",
